From/To,Province_1,Province_2,Province_3,Province_4,Province_5,Province_6,Province_7,Province_8,Province_9,Province_10,Province_11,Province_12,Province_13,Province_14,Province_15,Province_16,Province_17,Province_18,Province_19,Province_20,Province_21,Province_22,Province_23,Province_24,Province_25,Province_26,Province_27,Province_28,Province_29,Province_30,Province_31,Province_32,Province_33,Province_34,Province_35,Province_36,Province_37,Province_38,Province_39,Province_40,Province_41,Province_42,Province_43,Province_44,Province_45,Province_46,Province_47,Province_48,Province_49,Province_50,Province_51,Province_52,Province_53,Province_54,Province_55,Province_56,Province_57,Province_58,Province_59,Province_60,Province_61,Province_62,Province_63,Province_64,Province_65,Province_66,Province_67,Province_68,Province_69,Province_70,Province_71,Province_72,Province_73,Province_74,Province_75,Province_76,Province_77
Province_1,0,632.2786,105.0153,752.5878,387.6798,83.9842,195.1855,333.4766,251.825,686.1613,828.0375,83.6856,458.4524,515.279,354.2012,122.681,446.6967,775.6161,599.1143,660.1522,541.4855,153.7559,882.8829,450.9931,639.678,106.2965,52.3925,762.8448,256.1913,236.9937,785.1962,663.5516,1134.0034,560.5805,618.2982,18.0031,40.7518,1048.981,756.1697,844.671,788.2939,337.1243,160.7833,321.2416,437.3516,79.7806,547.4026,865.0306,189.2895,283.5889,576.0881,99.4367,175.8394,508.7395,205.8941,643.6572,26.4067,38.5989,73.6291,107.9893,976.4303,142.3549,547.7608,959.3711,421.3398,103.2842,645.1788,431.3126,418.5967,832.195,321.449,631.6415,564.5878,221.0897,479.0633,1064.3815,576.5641
Province_2,632.9153,0,599.4174,387.686,226.2061,672.4935,653.9495,328.0836,577.6294,875.3182,952.8762,699.7083,1093.0093,171.6471,666.5757,721.7652,242.5291,1410.173,781.7976,849.3091,441.9532,568.5897,1174.4499,194.6908,108.8605,583.0471,675.0766,195.4269,378.1308,586.5572,1419.7531,829.9892,1768.5603,353.0829,420.1956,624.9374,604.6744,1683.538,1390.7266,1479.2279,884.8845,488.0767,795.3402,586.3851,526.804,587.1693,713.8402,1499.5876,514.0411,918.1458,1210.645,722.1209,783.8497,123.4029,461.1897,205.9468,650.8464,673.1558,708.186,527.1285,1610.9872,601.388,138.8735,1593.9281,613.5572,630.8949,1279.7357,194.0502,696.6519,1466.7519,638.764,78.4944,368.2092,681.0964,645.5009,1698.9385,56.094
Province_3,104.9667,581.4593,0,701.7685,336.8605,150.7377,94.2984,266.4388,338.0794,586.5168,728.393,177.9525,557.4032,464.4597,254.5567,141.3486,395.8774,874.5669,499.4698,560.5077,468.6181,44.8224,783.2384,400.1738,588.8587,103.8785,142.4316,712.0256,205.372,137.3492,884.147,563.9071,1232.9541,521.3333,567.4789,92.2924,76.7654,1147.9318,855.1205,943.6218,688.6493,264.257,259.7341,221.5971,337.7071,33.725,447.7581,963.9814,163.4824,382.5397,675.0388,189.4759,262.0939,457.9202,213.5928,592.8379,124.7036,137.5497,172.5799,57.5095,1075.381,42.7104,496.9416,1058.3219,321.6953,50.4782,744.1295,380.4933,318.9522,931.1458,407.7035,580.8223,513.7685,121.4452,379.4188,1163.3323,525.7449
Province_4,753.9504,376.3321,720.4525,0,505.7189,793.5286,694.819,430.14,980.8703,880.3002,789.9553,820.7434,1214.0444,293.3391,671.5577,842.8003,309.1314,1531.2082,786.7797,854.2911,334.8556,689.6248,1179.4319,403.5899,285.5124,704.0822,796.1117,180.9569,499.1659,659.4538,1540.7882,553.7947,1889.5954,237.2,135.5489,745.9725,725.7095,1804.5731,1511.7617,1600.263,686.4425,493.0587,916.3753,591.3671,531.786,708.2044,718.8222,1620.6227,708.3223,1039.1809,1331.6801,843.156,904.8848,342.4857,758.4327,184.4062,771.8815,794.1909,829.2211,648.1636,1732.0223,722.4231,514.9198,1714.9632,618.5392,751.93,1400.7708,493.2664,701.6339,1587.787,1050.4944,454.5406,188.3783,701.7964,650.4829,1819.9736,360.5586
Province_5,388.4585,226.2903,354.9606,504.7245,0,347.9749,409.4927,185.7295,344.4191,901.7112,911.9842,387.1019,848.5525,211.6976,569.751,477.3084,198.8333,1165.7163,814.6642,875.7021,401.0613,324.1329,1098.4327,147.3646,287.3021,338.5903,430.6198,388.745,127.3278,452.5436,1175.2963,789.0973,1524.1035,312.7172,370.4349,380.4806,360.2176,1439.0812,1146.2698,1234.7711,843.9925,410.5531,550.8834,458.9428,485.912,342.7125,672.9482,1255.1308,280.8308,673.689,966.1882,477.6641,448.134,149.5005,227.9794,340.0758,406.3896,428.699,463.7292,282.6717,1366.5304,356.9312,157.2162,1349.4713,572.6653,386.4381,1035.2789,52.1575,634.1466,1222.2951,405.5537,224.04,316.7244,436.6396,604.609,1454.4817,170.5759
Province_6,84.7413,614.836,149.9885,735.1452,347.6548,0,238.9161,357.1894,190.4583,731.1345,873.0106,45.6345,536.2751,497.8364,399.1743,207.1722,429.2541,853.4388,644.0875,705.1254,580.0043,192.2747,927.8561,433.5505,622.2354,76.87,136.8837,745.4023,237.8908,281.9669,863.0189,708.5248,1211.8261,543.1379,600.8556,69.8348,87.1503,1126.8037,833.9924,922.4937,833.267,375.6432,238.606,366.2148,482.3248,120.3948,592.3757,942.8533,111.1472,361.4116,653.9107,183.928,132.2479,491.2969,127.7519,626.2146,75.4556,116.4216,151.4518,146.5082,1054.2529,187.328,507.7359,1037.1938,466.3129,157.9688,723.0014,391.2876,463.5699,910.0177,260.0823,591.6166,547.1452,266.0629,524.0365,1142.2042,559.1216
Province_7,193.2876,654.9793,95.8409,775.2885,410.3805,239.0587,0,286.262,426.4004,510.351,652.2272,266.2734,638.6878,537.9797,178.3909,187.7195,469.3974,955.8515,423.3041,484.3419,421.2558,85.2598,707.0726,473.6938,662.3787,192.1995,223.7162,785.5456,278.892,61.1835,965.4316,487.7413,1314.2388,465.9908,640.9989,180.6134,165.0864,1229.2164,936.4051,1024.9064,612.4836,208.9145,341.0187,145.4313,261.5413,122.0459,371.5923,1045.266,251.8034,463.8243,756.3235,270.7605,350.4148,531.4402,301.9138,666.3579,213.0246,218.8343,253.8645,131.0295,1156.6657,57.1591,570.4616,1139.6065,245.5295,97.43,825.4142,454.0133,242.7864,1012.4304,496.0244,654.3423,587.2885,30.0604,303.253,1244.6169,599.2649
Province_8,334.7822,327.962,301.2842,431.0879,185.7822,374.3604,289.2866,0,561.7021,663.6348,741.1927,401.5751,794.8762,215.9614,378.3374,423.632,127.1692,1112.0399,570.1142,637.6257,230.2698,233.2673,907.0191,146.6765,340.3604,284.914,376.9434,463.5273,124.0947,258.4736,1121.62,618.3058,1470.4271,196.6903,296.7983,326.8043,306.5412,1385.4048,1092.5935,1181.0948,673.201,185.2789,497.2071,255.0684,315.1205,289.0362,502.1567,1201.4544,289.1541,620.0127,912.5118,423.9877,485.7165,204.4229,339.2644,344.3396,352.7132,375.0227,410.0529,228.9954,1312.854,266.0657,285.851,1295.7949,401.8738,332.7617,981.6025,231.6332,442.733,1168.6188,631.3261,376.5768,243.0879,300.8162,433.8175,1400.8053,272.2475
Province_9,250.0461,581.9398,335.6718,834.8058,344.2907,190.1247,424.5994,456.8499,0,916.8178,1058.694,165.3018,695.8554,597.497,584.8577,372.4769,528.9147,1013.0191,829.7708,890.8087,731.1426,377.9581,1113.5394,533.2111,721.8959,270.9266,302.1884,845.0628,337.5514,467.6502,1022.5992,894.2081,1371.4063,642.7985,700.5162,258.8396,280.5584,1286.384,993.5727,1082.074,1018.9503,561.3265,398.1862,551.8981,668.0081,306.0781,778.0591,1102.4336,210.8078,520.9918,813.491,349.2327,129.3648,590.9575,157.9564,725.8752,235.0359,276.0019,311.0321,332.1915,1213.8332,373.0114,504.3717,1196.7741,651.9963,351.5917,882.5817,387.9235,649.2532,1069.598,68.8524,588.2524,646.8058,451.7462,709.7198,1301.7845,526.2253
Province_10,686.4282,875.7685,588.9815,946.1429,903.5212,732.1993,510.4495,665.7067,919.541,0,186.8156,759.414,1138.8647,720.6898,336.0973,696.7457,642.2241,1456.0285,100.0566,30.8957,482.6784,578.4004,235.7615,732.9959,845.0887,685.3401,723.8931,968.2556,772.0326,450.8076,1465.6085,334.8598,1814.4157,651.7294,811.8533,673.754,658.227,1729.3934,1436.582,1525.0833,207.2333,497.4071,841.1956,453.781,388.3619,615.1865,209.587,1545.443,744.944,964.0012,1256.5004,770.9374,843.5554,752.2294,795.0544,849.068,706.1652,719.0112,754.0414,624.1701,1656.8426,550.2997,898.0843,1639.7835,346.3561,606.4562,1325.5911,947.154,265.365,1512.6073,989.165,924.3833,758.1429,495.8541,238.7798,1744.7939,820.054
Province_11,830.3197,951.512,732.8729,792.9466,910.8684,876.0907,654.341,741.4503,1063.4324,186.2247,0,903.3055,1282.7562,796.4333,479.9887,840.6372,717.9677,1599.9199,231.1571,211.358,522.888,722.2919,414.0065,808.7394,920.8322,829.2315,867.7846,1043.9991,915.9241,594.699,1609.5,242.6216,1958.3071,727.4729,657.8408,817.6454,802.1184,1873.2848,1580.4735,1668.9748,100.334,573.1507,985.087,494.0678,464.1055,759.078,239.9498,1689.3344,888.8354,1107.8926,1400.3918,914.8289,987.4469,827.9729,938.9458,924.8115,850.0566,862.9027,897.9329,768.0615,1800.734,694.1911,973.8279,1783.6749,409.2277,750.3476,1469.4825,1091.0454,409.2565,1656.4988,1133.0565,1000.1268,833.8864,639.7455,314.5233,1888.6853,895.7975
Province_12,84.4309,653.2746,177.1585,773.5838,386.0934,44.2805,266.086,399.1556,165.4039,758.3045,900.1806,0,532.3978,536.275,426.3443,206.8618,467.6927,849.5615,671.2575,732.2954,607.1743,219.4447,955.026,471.9891,660.6739,141.2821,136.5733,783.8408,276.3294,309.1369,859.1416,735.6948,1207.9488,581.5765,639.2942,96.3975,118.1164,1122.9264,830.1151,918.6164,860.437,402.8132,234.7287,393.3848,509.4947,147.5648,619.5457,938.976,149.5858,357.5343,650.0334,183.6176,87.6449,529.7355,166.1904,664.6532,71.5783,112.5443,147.5745,173.6782,1050.3757,214.498,546.1744,1033.3165,493.4829,189.1497,719.1242,429.7262,490.7398,906.1404,235.028,630.0551,585.5838,293.2329,551.2065,1138.3269,597.5601
Province_13,458.9652,1092.6277,558.6759,1212.9369,848.0289,534.7235,639.6348,793.8257,695.1821,1139.8219,1281.6981,531.2925,0,975.6281,807.8618,478.2223,907.0458,320.5284,1052.7749,1113.8128,1001.8345,614.105,1336.5435,911.3422,1100.027,566.6456,437.1091,1223.1939,716.5404,690.6543,330.1085,1117.2122,678.9156,1020.9296,1078.6473,475,493.4774,593.8933,301.082,389.5833,1241.9544,797.4734,342.7487,774.9022,891.0122,533.4412,1001.0632,415.0193,640.0287,179.0841,126.0767,388.3237,618.4347,969.0886,656.6334,1104.0063,463.7994,421.3159,388.3233,568.3384,521.3425,596.0155,1008.1099,504.2834,875.0003,547.7335,190.091,891.6617,872.2573,377.1073,764.8061,1091.9906,1024.9369,668.2047,932.7239,609.2938,1036.9132
Province_14,515.1595,192.252,481.6616,293.2937,211.116,554.7377,536.1937,205.0093,555.9093,717.9593,795.5172,581.9525,975.2535,0,509.2168,604.0094,78.8882,1292.4172,624.4387,691.9502,284.5943,450.8339,1017.0909,76.935,127.5871,465.2913,557.3208,215.1406,260.375,497.1128,1301.9973,672.6303,1650.8045,189.442,247.1597,507.1816,486.9186,1565.7822,1272.9708,1361.4721,727.5255,330.7178,677.5844,429.0262,369.445,469.4135,556.4813,1381.8318,469.5314,800.39,1092.8892,604.3651,666.0939,58.7372,439.4695,128.0342,533.0906,555.4,590.4302,409.3727,1493.2314,483.6322,204.605,1476.1723,456.1983,513.1391,1161.9799,203.8064,539.293,1348.9961,617.0439,230.6424,193.4493,563.3406,488.142,1581.1827,126.3131
Province_15,357.059,664.4361,259.6123,734.8105,574.152,402.8301,181.0803,378.5305,590.1718,338.5835,480.4597,430.0449,809.4955,509.3574,0,367.3765,430.8918,1126.6593,251.5366,312.5744,336.744,249.0312,535.3051,521.6635,633.7563,355.9709,394.524,756.9232,442.6634,121.4384,1136.2393,363.4887,1485.0465,440.397,600.521,344.3848,328.8578,1400.0242,1107.2128,1195.7141,440.7161,219.2398,511.8264,117.8096,177.0295,285.8173,247.3397,1216.0738,415.5748,634.632,927.1312,441.5682,514.1862,540.897,465.6852,637.7356,376.796,389.6421,424.6723,294.8009,1327.4734,220.9305,734.233,1310.4143,79.5309,277.087,996.2219,617.7848,71.0189,1183.2381,659.7959,713.0509,546.8105,166.4849,165.7988,1415.4247,608.7216
Province_16,123.0211,724.3529,140.2857,844.6621,479.7541,204.9797,189.5987,425.5509,372.8204,698.4591,840.3353,205.5169,476.9718,607.3533,366.499,0,538.771,794.1355,611.4121,672.45,609.3638,182.8305,895.1807,543.0674,731.7522,227.8593,71.6671,854.9191,348.2656,249.2915,803.7156,675.8494,1152.5227,652.6548,710.3725,130.6171,149.12,1067.5004,774.689,863.1903,800.5916,402.2651,179.3026,333.5394,449.6494,150.8157,559.7004,883.55,287.4632,302.1082,594.6074,89.4495,296.8349,600.8138,326.8895,735.7315,145.2316,124.3343,108.8347,200.0735,994.9496,173.0874,639.8351,977.8905,433.6376,91.7333,663.6981,523.3869,430.8945,850.7143,442.4445,723.7158,656.6621,218.1685,491.3611,1082.9009,668.6384
Province_17,447.1439,242.3819,413.6459,307.2355,198.9123,486.7221,468.1781,127.045,674.0638,639.995,717.5529,513.9369,907.2379,79.4194,431.2525,535.9938,0,1224.4016,546.4744,613.9859,206.63,382.8183,939.1266,96.7833,203.8184,397.2757,489.3052,326.9853,192.3594,419.1485,1233.9817,594.666,1582.7889,115.2282,172.9459,439.166,418.9029,1497.7665,1204.9552,1293.4565,649.5612,252.7535,609.5688,351.0619,291.4807,401.3979,478.517,1313.8161,401.5158,732.3744,1024.8736,536.3494,598.0782,118.8428,451.6262,207.7976,465.075,487.3844,522.4146,341.3571,1425.2158,415.6166,264.6977,1408.1566,378.234,445.1234,1093.9643,263.8991,461.3286,1280.9805,743.6879,290.9967,119.2355,495.325,410.1777,1513.167,186.6674
Province_18,775.9088,1409.5713,875.6195,1529.8805,1164.9725,851.6671,956.5784,1110.7693,1012.1257,1456.7655,1598.6417,848.2361,320.9205,1292.5717,1124.8054,795.1659,1223.9894,0,1369.7185,1430.7564,1318.7781,931.0486,1653.4871,1228.2858,1416.9706,883.5892,754.0527,1540.1375,1033.484,1007.5979,176.5407,1434.1558,484.5634,1337.8732,1395.5909,791.9436,810.421,399.5411,87.0194,195.26,1558.898,1114.417,659.6923,1091.8458,1207.9558,850.3847,1318.0067,164.7286,956.9723,496.0277,303.6995,705.2673,935.3782,1286.0322,973.5769,1420.9499,780.743,738.2595,705.2669,885.282,326.9903,912.959,1325.0535,309.9312,1191.9439,864.6771,156.735,1208.6053,1189.2009,138.1934,1081.7497,1408.9342,1341.8804,985.1483,1249.6675,414.9415,1353.8568
Province_19,601.9026,784.17,504.4558,854.5444,818.9955,647.6736,425.9239,574.1082,835.0153,100.5471,231.7346,674.8884,1054.3391,629.0912,251.5716,612.22,550.6256,1371.5028,0,74.538,391.0799,493.8748,333.6878,641.3974,753.4902,600.8144,639.3675,876.6571,687.507,366.2819,1381.0829,237.6146,1729.89,560.1309,720.2548,589.2283,573.7013,1644.8677,1352.0563,1440.5576,191.9909,405.8086,756.6699,369.2553,296.7634,530.6609,117.9885,1460.9173,660.4183,879.4755,1171.9747,686.4117,759.0297,660.6309,710.5287,757.4695,621.6395,634.4856,669.5158,539.6444,1572.3169,465.774,806.4858,1555.2578,261.8304,521.9305,1241.0654,862.6283,180.8394,1428.0816,904.6394,832.7848,666.5444,411.3284,147.1813,1660.2682,728.4555
Province_20,660.9569,850.2971,563.5101,920.6716,878.0498,706.7279,484.9782,640.2354,894.0696,31.4439,211.7823,733.9427,1113.3934,695.2184,310.6259,671.2743,616.7528,1430.5571,74.5852,0,457.2071,552.9291,266.2208,707.5245,819.6173,659.8687,698.4218,942.7842,746.5613,425.3362,1440.1372,309.3884,1788.9443,626.258,786.382,648.2826,632.7556,1703.922,1411.1107,1499.612,263.7647,471.9358,815.7242,428.3096,362.8906,589.7152,184.1156,1519.9716,719.4726,938.5298,1231.029,745.4661,818.0841,726.758,769.583,823.5966,680.6938,693.5399,728.5701,598.6987,1631.3712,524.8283,872.6129,1614.3121,320.8847,580.9848,1300.1197,921.6826,239.8937,1487.136,963.6937,898.9119,732.6715,470.3827,213.3084,1719.3225,794.5826
Province_21,538.0733,440.3358,464.6722,323.3527,399.6922,577.6515,420.2922,230.2741,764.9932,479.3538,521.285,604.8663,998.1673,285.2571,335.9069,606.5884,206.7915,1315.3311,385.8333,453.3447,0,428.6016,712.4946,297.5632,409.6561,488.2051,580.2346,403.7382,393.1393,360.6503,1324.9111,285.1245,1673.7183,98.9728,188.247,530.0954,509.8324,1588.696,1295.8846,1384.3859,417.7723,207.7449,700.4982,284.8503,196.1351,492.3273,317.8758,1404.7456,547.809,823.3038,1115.803,627.2789,689.0077,316.7967,597.9194,326.9713,556.0044,578.3138,613.344,430.2743,1516.1452,460.1424,462.6517,1499.0861,282.8883,516.2989,1184.8937,461.853,365.983,1371.9099,834.6173,488.9507,163.628,405.6968,249.5483,1604.0965,384.6213
Province_22,154.0535,570.2044,44.6534,690.5136,325.6056,193.6317,85.8447,229.9922,380.9734,578.0631,719.9393,220.8465,614.1476,453.2048,246.103,183.8505,384.6225,931.3113,491.0162,552.054,432.1716,0,774.7847,388.9189,577.6037,104.1854,196.2148,700.7706,194.1171,128.8956,940.8914,555.4534,1289.6985,484.8868,556.224,146.0756,125.8126,1204.6762,911.8648,1000.3661,680.1957,227.8105,316.4784,213.1434,329.2534,69.0535,439.3044,1020.7258,163.7892,439.284,731.7832,243.2591,304.9879,446.6653,213.8996,581.583,171.9846,194.2941,229.3243,46.2545,1132.1254,33.2832,485.6866,1115.0663,313.2416,92.9802,800.8739,369.2384,310.4985,987.8901,450.5975,569.5673,502.5135,112.9916,370.9651,1220.0767,514.4899
Province_23,885.7668,1172.9881,788.3201,1243.3626,1102.8597,931.5378,709.7881,907.2383,1118.8795,235.3317,414.1732,958.7526,1338.2033,1017.9094,535.4359,896.0843,939.4438,1655.367,333.7343,264.5733,716.3561,777.739,0,1030.2156,1142.3084,884.6786,923.2317,1265.4753,971.3712,650.1461,1664.9471,568.5374,2013.7543,948.949,1109.073,873.0925,857.5655,1928.7319,1635.9206,1724.4219,434.3744,794.6268,1040.5342,653.1195,685.5816,814.5251,443.2646,1744.7815,944.2825,1163.3398,1455.8389,970.276,1042.894,1049.449,994.3929,1146.2876,905.5037,918.3498,953.38,823.5087,1856.1811,749.6383,1262.9407,1839.122,559.4538,805.7948,1524.9296,1146.4925,478.3412,1711.9459,1188.5036,1221.603,1055.3626,695.1927,472.4575,1944.1324,1117.2737
Province_24,451.4642,194.3933,417.9662,402.6132,147.3678,491.0424,472.4984,146.6324,492.1611,732.315,809.8729,518.2571,911.5582,77.3937,523.5725,540.314,96.7221,1228.7219,638.7944,706.3059,298.95,387.1385,1031.4466,0,201.7927,401.596,493.6254,324.9596,196.6797,405.106,1238.302,686.986,1587.1091,210.6059,268.3236,443.4863,423.2232,1502.0868,1209.2755,1297.7768,741.8812,345.0735,613.8891,443.3819,383.8007,405.7182,570.8369,1318.1364,405.836,736.6947,1029.1938,540.6697,602.3985,70.8542,375.7213,205.7719,469.3952,491.7047,526.7349,345.6774,1429.536,419.9369,216.7092,1412.4769,470.554,449.4437,1098.2845,180.2449,553.6486,1285.3008,553.2957,243.0082,214.6131,499.6452,502.4977,1517.4873,138.6789
Province_25,640.4985,108.4406,607.0005,285.8393,287.7506,680.0767,661.5327,330.3483,632.5439,843.2983,920.8562,707.2915,1100.5925,128.0623,634.5558,729.3484,204.2272,1417.7562,749.7777,817.2892,409.9333,576.1729,1142.4299,202.274,0,590.6303,682.6598,129.2603,385.714,622.4518,1427.3363,797.9693,1776.1435,314.781,318.3488,632.5206,612.2576,1691.1212,1398.3098,1486.8111,852.8645,456.0568,802.9234,554.3652,494.784,594.7525,681.8202,1507.1708,594.8704,925.729,1218.2282,729.704,791.4328,136.3955,516.1042,104.1001,658.4296,680.739,715.7692,534.7117,1618.5704,608.9712,247.0283,1601.5113,581.5373,638.478,1287.3189,268.5765,664.6319,1474.3351,693.6785,186.6492,266.3625,688.6796,613.481,1706.5216,133.931
Province_26,110.8293,582.4104,103.9335,702.7196,320.9508,100.4495,192.8611,283.6085,269.0877,685.0795,826.9557,139.5765,569.4782,465.4108,353.1194,226.2813,396.8285,886.6419,598.0325,659.0704,491.6272,103.8976,881.8011,401.1249,589.8098,0,155.1529,712.9767,206.3231,235.9119,896.222,662.4698,1245.0292,510.7124,568.43,100.5407,109.8456,1160.0069,867.1955,955.6968,787.212,287.2661,271.8091,320.1598,436.2698,91.6855,546.3208,976.0565,59.8036,394.6147,687.1139,202.1971,226.1899,458.8713,109.914,593.789,123.4549,149.6247,184.6549,58.1311,1087.4561,141.2731,481.0318,1070.397,420.2579,135.411,756.2046,364.5836,417.5149,943.2208,338.7117,564.9125,514.7196,220.0079,477.9815,1175.4073,526.696
Province_27,52.5881,675.5381,143.8601,795.8473,430.9393,134.5467,183.3191,376.7361,302.3875,725.0061,866.8823,135.0839,436.1359,558.5385,393.046,71.8579,489.9562,753.2996,637.9591,698.997,584.7549,197.0253,921.7277,494.2526,682.9375,179.6151,0,806.1044,299.4508,275.8385,762.8797,702.3964,1111.6868,603.84,661.5577,60.1842,78.687,1026.6645,733.8532,822.3545,827.1386,380.3938,138.4668,360.0864,476.1964,118.6253,586.2473,842.7141,239.219,261.2724,553.7715,48.6137,226.4019,551.999,256.4566,686.9167,74.7986,53.9014,67.6561,151.2588,954.1137,181.1997,591.0204,937.0546,460.1845,93.744,622.8622,474.5721,457.4415,809.8785,372.0115,674.901,607.8473,211.889,517.9081,1042.065,619.8236
Province_28,764.2586,196.4214,730.7606,196.6174,388.7131,803.8368,785.2928,454.1084,740.1364,967.0584,1044.6163,831.0516,1224.3526,216.1727,758.3159,853.1085,327.9873,1541.5163,873.5378,941.0493,389.6486,699.933,1266.19,326.0341,130.574,714.3904,806.4199,0,509.4741,746.2119,1551.0964,674.7688,1899.9036,291.9931,294.691,756.2807,736.0176,1814.8813,1522.0699,1610.5712,807.4167,579.8169,926.6835,678.1253,618.5441,718.5126,805.5803,1630.9308,718.6305,1049.4891,1341.9883,853.4641,915.1929,260.1555,623.6966,94.0292,782.1897,804.4991,839.5293,658.4718,1742.3305,732.7313,335.0091,1725.2714,705.2974,762.2381,1411.079,356.5572,788.392,1598.0952,801.271,274.6299,242.7047,812.4397,737.2411,1830.2817,221.9117
Province_29,257.1555,378.3729,223.6575,498.6821,126.9832,296.7337,278.1897,120.6715,484.0754,770.4082,912.2843,323.9485,717.2495,261.3733,438.448,346.0054,192.791,1034.4132,683.3612,744.3991,395.019,192.8299,967.1297,197.0874,385.7723,207.2873,299.3168,508.9392,0,321.2406,1043.9933,747.7985,1392.8005,306.6749,364.3925,249.1776,228.9146,1307.7782,1014.9668,1103.4681,872.5407,279.4177,419.5804,327.8074,479.8697,211.4095,631.6494,1123.8278,211.5274,542.386,834.8852,346.361,408.0898,254.8338,261.6378,389.7515,275.0866,297.396,332.4262,151.3687,1235.2274,225.6282,316.7854,1218.1683,505.5866,255.135,903.9759,200.3372,502.8435,1090.9921,553.6995,400.6661,310.6821,305.3366,563.3102,1323.1786,322.6585
Province_30,236.4261,585.6798,138.9794,724.094,453.519,282.1972,60.4474,257.8976,469.5389,453.3864,595.2626,309.4119,688.8626,498.6408,121.4263,246.7436,420.1752,1006.0263,366.3394,427.3773,361.6347,128.3983,650.108,404.3943,623.0398,235.3379,273.891,746.2066,322.0305,0,1015.6064,428.1203,1364.4136,429.6804,589.8044,223.7519,208.2248,1279.3913,986.5799,1075.0812,555.5189,184.9087,391.1935,85.8103,201.9203,165.1844,311.9713,1095.4409,294.9418,513.9991,806.4983,320.9353,393.5533,462.1407,345.0522,627.019,256.1631,269.0091,304.0393,174.168,1206.8405,100.2976,613.6001,1189.7814,185.9085,156.4541,875.589,497.1518,185.8218,1062.6052,539.1629,697.4808,536.094,45.852,243.632,1294.7917,529.9654
Province_31,788.272,1421.9344,887.9826,1542.2436,1177.3356,864.0302,968.9415,1123.1324,1024.4888,1469.1286,1611.0048,860.5992,333.2836,1304.9348,1137.1685,807.529,1236.3525,177.1271,1382.0816,1443.1195,1331.1412,943.4117,1665.8502,1240.6489,1429.3337,895.9523,766.4158,1552.5006,1045.8471,1019.961,0,1446.5189,369.0704,1350.2363,1407.954,804.3067,822.7841,284.0481,251.7122,108.3025,1571.2611,1126.7801,672.0554,1104.2089,1220.3189,862.7479,1330.3699,329.4214,969.3354,508.3908,363.2466,717.6304,947.7414,1298.3953,985.9401,1433.313,793.1061,750.6226,717.63,897.6451,240.0617,925.3222,1337.4166,182.7309,1204.3071,877.0402,144.1366,1220.9684,1201.564,130.9982,1094.1128,1421.2973,1354.2436,997.5114,1262.0306,299.4486,1366.2199
Province_32,664.2287,725.9532,566.7819,557.0723,685.3096,709.9997,488.25,515.8915,897.3414,335.1404,243.0237,737.2145,1116.6652,570.8745,363.7724,674.5462,492.4089,1433.8289,237.3332,309.1313,287.0137,556.2009,568.2811,583.1806,695.2734,663.1405,701.6936,689.3556,749.8331,428.608,1443.409,0,1792.2161,384.5902,421.9665,651.5544,636.0274,1707.1938,1414.3825,1502.8838,134.1604,450.5059,818.9961,371.423,341.4607,592.987,117.3051,1523.2434,722.7444,941.8017,1234.3008,748.7379,821.3559,602.4141,772.8548,612.5887,683.9656,696.8117,731.8419,601.9706,1634.643,528.1002,748.269,1617.5839,286.583,584.2566,1303.3915,747.4704,341.2952,1490.4078,966.9655,774.568,449.2454,473.6546,191.8786,1722.5943,670.2387
Province_33,1137.1837,1770.8461,1236.8944,1891.1553,1526.2474,1212.9419,1317.8533,1472.0442,1373.4005,1818.0404,1959.9165,1209.511,682.1954,1653.8465,1486.0802,1156.4407,1585.2642,487.4313,1730.9934,1792.0313,1680.053,1292.3234,2014.7619,1589.5606,1778.2455,1244.8641,1115.3275,1901.4124,1394.7588,1368.8728,371.6151,1795.4307,0,1699.1481,1756.8658,1153.2185,1171.6959,85.1011,570.5418,297.0099,1920.1729,1475.6919,1020.9672,1453.1207,1569.2306,1211.6596,1679.2816,648.2511,1318.2472,857.3026,712.1583,1066.5422,1296.6531,1647.307,1334.8518,1782.2247,1142.0179,1099.5344,1066.5417,1246.5569,296.7332,1274.2339,1686.3284,198.0754,1553.2188,1225.9519,518.6704,1569.8802,1550.4757,350.0855,1443.0246,1770.2091,1703.1553,1346.4232,1610.9424,103.1817,1715.1317
Province_34,560.873,354.526,519.1534,261.2895,312.6415,600.4512,463.9864,196.5607,787.7929,649.4676,727.0256,627.666,1020.967,191.5635,440.7251,649.7229,116.054,1338.1307,555.947,623.4585,98.7182,483.0829,948.5993,210.5125,315.9625,511.0048,603.0343,341.675,306.0885,428.6211,1347.7108,383.8384,1696.518,0,126.1837,552.8951,532.6321,1611.4957,1318.6843,1407.1856,516.4862,262.2261,723.2979,360.5345,300.9534,515.127,487.9896,1427.5453,515.2449,846.1035,1138.6027,650.0786,711.8074,230.9869,565.3553,264.9081,578.8041,601.1135,636.1437,455.0862,1538.9449,515.8812,376.8418,1521.8858,387.7066,558.8526,1207.6934,376.0432,470.8013,1394.7096,857.417,403.1408,101.5648,470.9638,419.6503,1626.8962,298.8115
Province_35,618.7935,420.0337,585.2955,135.5651,370.5619,658.3717,559.6621,294.9831,845.7134,745.1433,654.7811,685.5865,1078.8875,249.484,536.4008,707.6434,173.9745,1396.0512,651.6227,719.1342,199.6987,554.4679,1044.275,268.4329,317.9351,568.9253,660.9548,293.5957,364.009,524.2968,1405.6313,418.6206,1754.4385,102.0431,0,610.8156,590.5526,1669.4162,1376.6048,1465.1061,551.2684,357.9018,781.2184,456.2102,396.6291,573.0475,583.6653,1485.4658,573.1654,904.024,1196.5232,707.999,769.7278,288.9074,623.2758,216.8289,636.7246,659.034,694.0642,513.0067,1596.8654,587.2662,434.7623,1579.8063,483.3823,616.773,1265.6139,433.9637,566.477,1452.6301,915.3375,461.0613,53.2214,566.6395,515.326,1684.8166,356.732
Province_36,18.537,627.2725,95.5945,747.5818,382.6738,93.5811,185.1912,328.4706,261.4218,676.7405,818.6167,96.6913,478.3397,510.2729,344.7804,131.4851,441.6906,795.5034,589.6935,650.7314,536.4893,148.7597,873.4621,445.987,634.6719,101.9906,61.1966,757.8388,251.1852,227.5729,805.0835,654.1308,1153.8906,555.5745,613.2922,0,29.0413,1068.8683,776.057,864.5583,778.873,332.1282,180.6706,311.8208,427.9308,70.3598,537.9818,884.9179,162.5025,303.4762,595.9753,108.2409,185.4363,503.7334,215.491,638.6512,39.4124,58.4862,93.5164,102.9932,996.3175,132.9341,542.7548,979.2584,411.919,93.2899,665.066,426.3066,409.1759,852.0823,331.0459,626.6355,559.5817,213.7611,469.6425,1084.2688,571.5581
Province_37,39.8487,603.6545,74.9327,723.9637,359.0557,87.7298,163.8603,304.8525,282.7336,656.0787,797.9549,117.9281,493.2526,486.6549,324.1186,125.3872,418.0726,810.4163,569.0317,630.0696,512.8713,125.1417,852.8003,422.369,611.0538,107.7315,77.3597,734.2207,227.5672,206.9111,819.9964,633.469,1168.8035,531.9564,589.6741,27.1745,0,1083.7812,790.9699,879.4712,758.2112,308.5101,195.5835,291.159,407.269,49.698,517.32,899.8308,167.3354,318.3891,610.8882,124.404,206.7481,480.1154,217.4458,615.0331,60.6491,73.3991,108.4293,79.3751,1011.2304,112.2723,519.1367,994.1713,391.2571,82.0966,679.9789,402.6885,388.5141,866.9952,352.3577,603.0174,535.9637,191.0071,448.9807,1099.1817,547.94
Province_38,1049.6771,1683.3395,1149.3877,1803.6487,1438.7407,1125.4353,1230.3466,1384.5375,1285.8939,1730.5337,1872.4099,1122.0043,594.6887,1566.3399,1398.5736,1068.9341,1497.7576,399.9247,1643.4867,1704.5246,1592.5463,1204.8168,1927.2553,1502.054,1690.7388,1157.3574,1027.8209,1813.9057,1307.2522,1281.3661,284.1084,1707.924,85.4332,1611.6414,1669.3591,1065.7118,1084.1892,0,483.0352,209.5032,1832.6662,1388.1852,933.4605,1365.614,1481.724,1124.153,1591.775,560.7445,1230.7405,769.7959,624.6517,979.0355,1209.1465,1559.8004,1247.3452,1694.7181,1054.5112,1012.0277,979.0351,1159.0502,203.878,1186.7273,1598.8217,110.5688,1465.7122,1138.4453,431.1638,1482.3735,1462.9691,262.5789,1355.5179,1682.7024,1615.6487,1258.9165,1523.4357,31.455,1627.625
Province_39,756.668,1390.3304,856.3786,1510.6396,1145.7316,832.4262,937.3376,1091.5285,992.8848,1437.5246,1579.4008,828.9953,301.6797,1273.3308,1105.5645,775.925,1204.7485,87.0208,1350.4776,1411.5155,1299.5373,911.8077,1634.2462,1209.0449,1397.7298,864.3484,734.8118,1520.8967,1014.2431,988.357,248.9198,1414.9149,567.9141,1318.6323,1376.35,772.7028,791.1801,482.8918,0,278.6108,1539.6572,1095.1762,640.4515,1072.6049,1188.7149,831.1439,1298.7659,82.4893,937.7315,476.7869,231.6159,686.0265,916.1374,1266.7913,954.3361,1401.709,761.5021,719.0187,686.026,866.0412,410.341,893.7182,1305.8127,393.2819,1172.7031,845.4362,158.1675,1189.3644,1169.96,221.5442,1062.5089,1389.6934,1322.6396,965.9074,1230.4266,498.2923,1334.6159
Province_40,845.2958,1478.9582,945.0064,1599.2674,1234.3594,921.054,1025.9653,1180.1562,1081.5126,1526.1524,1668.0286,917.6231,390.3074,1361.9586,1194.1923,864.5528,1293.3763,195.568,1439.1054,1500.1433,1388.1651,1000.4355,1722.874,1297.6727,1486.3576,952.9761,823.4396,1609.5244,1102.8709,1076.9848,108.2836,1503.5427,294.6431,1407.2601,1464.9778,861.3305,879.8079,209.6208,278.6785,0,1628.2849,1183.8039,729.0792,1161.2327,1277.3427,919.7717,1387.3937,356.3878,1026.3592,565.4146,420.2704,774.6542,1004.7652,1355.4191,1042.9639,1490.3368,850.1299,807.6465,774.6538,954.6689,137.07,982.346,1394.4404,120.0109,1261.3309,934.064,226.7825,1277.9922,1258.5878,58.2222,1151.1367,1478.3211,1411.2674,1054.5352,1319.0544,225.0213,1423.2437
Province_41,791.0346,883.5117,693.5879,689.4777,842.8682,836.8057,615.0559,673.45,1024.1474,207.1527,100.767,864.0205,1243.4712,728.433,440.7037,801.3521,649.9674,1560.6349,191.8721,263.6701,419.4191,683.0069,434.0864,740.7392,852.832,789.9465,828.4996,975.9989,876.639,555.414,1570.2149,133.9179,1919.0221,516.9956,554.3719,778.3604,762.8334,1833.9998,1541.1884,1629.6897,0,505.1504,945.802,426.0675,396.1052,719.793,171.9496,1650.0494,849.5504,1068.6076,1361.1068,875.5438,948.1618,759.9726,899.6608,856.8112,810.7716,823.6177,858.6479,728.7765,1761.449,654.9061,905.8276,1744.3899,341.2275,711.0626,1430.1975,1051.7604,369.9714,1617.2137,1093.7715,932.1266,581.6508,600.4605,246.5231,1849.4003,827.7973
Province_42,338.0961,486.2178,264.6949,556.5922,409.8756,377.6743,209.5279,185.4403,565.016,496.0801,573.638,404.889,798.1901,331.1391,218.4046,426.946,252.6735,1115.3538,402.5595,470.071,209.4635,228.6244,753.5838,343.4452,455.538,288.2279,380.2573,578.7049,278.5282,186.1479,1124.9339,450.7511,1473.7411,262.1787,422.3027,330.1182,309.8551,1388.7187,1095.9074,1184.4087,505.6463,0,500.521,111.5457,147.5658,292.3501,334.602,1204.7683,347.8318,623.3266,915.8257,427.3016,489.0304,362.6787,397.9422,459.5173,356.0271,378.3366,413.3668,230.2971,1316.1679,261.4227,508.5336,1299.1088,234.319,336.0756,984.9164,453.5084,317.4137,1171.9327,634.64,534.8326,368.5922,228.4906,266.2628,1404.1192,430.5033
Province_43,161.0958,794.7583,260.8065,915.0675,550.1595,236.8541,341.7654,495.9563,397.3127,841.9525,983.8287,233.4231,342.3346,677.7587,509.9924,180.3529,609.1764,659.4983,754.9055,815.9434,703.9651,316.2356,1038.6741,613.4728,802.1576,268.7762,139.2397,925.3245,418.671,392.7849,669.0784,819.3428,1017.8855,723.0602,780.7779,177.1306,195.608,932.8632,640.0519,728.5532,944.085,499.604,0,477.0328,593.1428,235.5718,703.1938,748.9128,342.1593,167.471,459.9702,90.4543,320.5653,671.2192,358.764,806.1369,165.93,123.4465,90.4539,270.469,860.3124,298.1461,710.2405,843.2533,577.131,249.8641,529.0609,593.7923,574.3879,716.0772,466.9367,794.1212,727.0675,370.3353,634.8545,948.2637,739.0438
Province_44,322.255,586.3395,224.8082,656.714,457.6749,368.026,146.2763,255.2288,555.3677,456.3823,493.748,395.2408,774.6915,431.2608,117.9247,332.5725,352.7952,1091.8552,369.3354,430.3732,286.049,214.2272,653.1039,443.567,555.6598,321.1668,359.7199,678.8267,326.3275,86.6343,1101.4353,370.861,1450.2424,362.3005,522.4244,309.5807,294.0537,1365.2201,1072.4088,1160.9101,425.7562,112.5587,477.0224,0,126.3345,251.0133,254.712,1181.2697,380.7707,599.828,892.3271,406.7642,479.3822,462.8004,430.8811,559.639,341.9919,354.838,389.8682,259.9969,1292.6693,186.1264,608.6554,1275.6102,143.4992,242.2829,961.4178,501.3077,188.8177,1148.4341,624.9918,634.9544,468.714,131.6809,186.3727,1380.6206,530.6251
Province_45,437.689,525.3449,340.2423,595.7194,484.7014,483.4601,261.7103,315.2832,670.8018,386.0675,463.6254,510.6748,890.1255,370.2662,177.3249,448.0065,291.8006,1207.2892,292.5469,360.0584,197.6528,329.6612,685.1991,382.5724,494.6652,436.6008,475.1539,617.8321,478.1484,202.0684,1216.8693,340.7385,1565.6765,301.3059,461.4298,425.0148,409.4877,1480.6542,1187.8428,1276.3441,395.6337,146.9836,592.4564,126.2684,0,366.4473,224.5894,1296.7038,496.2047,715.262,1007.7612,522.1982,594.8162,401.8058,546.3151,498.6444,457.426,470.272,505.3022,375.4309,1408.1034,301.5605,547.6608,1391.0443,124.3064,357.717,1076.8519,546.8622,207.4011,1263.8681,740.4258,573.9598,407.7194,247.1149,156.2502,1496.0546,469.6305
Province_46,80.0222,588.7842,33.8908,709.0934,344.1854,121.1327,122.8184,289.9822,308.4744,615.0368,756.913,148.3475,532.4587,471.7846,283.0767,151.7197,403.2023,849.6224,527.9898,589.0277,498.0009,68.4836,811.7584,407.4987,596.1835,92.2906,117.4871,719.3504,212.6969,165.8692,859.2025,592.4271,1208.0096,517.0861,574.8038,67.3479,51.8209,1122.9873,830.176,918.6773,717.1693,293.6398,234.7895,250.1171,366.2271,0,476.2781,939.0369,151.8945,357.5951,650.0943,164.5314,232.4889,465.2451,202.0049,600.1628,95.0986,112.6052,147.6354,64.5048,1050.4365,71.2304,504.2664,1033.3774,350.2153,60.8494,719.185,387.8182,347.4722,906.2013,378.0985,588.1471,521.0933,149.9652,407.9388,1138.3878,533.0697
Province_47,547.5114,712.15,450.0647,782.5244,671.5064,593.2825,371.5327,502.0882,780.6242,207.3347,239.7844,620.4972,999.9479,557.0712,247.0551,557.8289,478.6056,1317.1116,113.8141,181.3256,319.0599,439.4836,440.4754,569.3774,681.4702,546.4232,584.9763,804.6371,633.1158,311.8908,1326.6917,116.8974,1675.4989,488.1109,648.2348,534.8372,519.3101,1590.4766,1297.6652,1386.1665,171.7927,333.7886,702.2788,254.7057,224.7434,476.2697,0,1406.5262,606.0271,825.0844,1117.5836,632.0206,704.6386,588.6109,656.1375,685.4494,567.2484,580.0944,615.1246,485.2533,1517.9258,411.3829,734.4658,1500.8667,169.8657,467.5394,1186.6743,733.6672,224.5779,1373.6905,850.2482,760.7648,594.5244,356.9373,75.1613,1605.877,656.4355
Province_48,864.6318,1498.2942,964.3424,1618.6034,1253.6954,940.39,1045.3014,1199.4923,1100.8486,1545.4884,1687.3646,936.9591,413.9658,1381.2946,1213.5283,883.8888,1312.7123,163.6989,1458.4414,1519.4793,1407.5011,1019.7715,1742.21,1317.0087,1505.6936,972.3122,842.7756,1628.8605,1122.2069,1096.3208,325.5979,1522.8787,644.5922,1426.5961,1484.3138,880.6666,899.1439,559.5699,81.565,355.2888,1647.621,1203.14,748.4153,1180.5687,1296.6787,939.1077,1406.7297,0,1045.6953,584.7507,296.1784,793.9903,1024.1012,1374.7551,1062.2999,1509.6728,869.4659,826.9825,793.9898,974.005,487.0191,1001.682,1413.7765,469.96,1280.6669,953.4,234.8456,1297.3282,1277.9238,298.2223,1170.4727,1497.6572,1430.6034,1073.8712,1338.3904,574.9704,1442.5797
Province_49,183.6571,531.7322,162.3281,652.0414,264.551,105.4233,251.2557,274.0855,211.5638,743.4741,885.3503,144.5503,635.1909,414.7326,411.514,284.676,346.1503,952.3546,656.4271,717.465,548.3782,162.2923,940.1957,350.4467,539.1315,59.7186,213.5475,662.2984,154.787,294.3065,961.9347,720.8644,1310.7418,460.0341,517.7518,158.9353,168.2403,1225.7195,932.9082,1021.4095,845.6066,345.6607,337.5218,378.5544,494.6644,150.0801,604.7154,1041.7691,0,460.3274,752.8265,260.5918,205.5824,408.1931,53.5142,543.1108,174.3714,215.3374,250.3676,116.5257,1153.1687,199.6677,424.632,1136.1096,478.6526,193.8056,821.9172,308.1838,475.9095,1008.9335,272.6984,508.5127,464.0414,278.4025,536.3761,1241.12,476.0177
Province_50,283.8476,917.51,383.5582,1037.8192,672.9112,359.6058,464.5172,618.708,520.0644,964.7042,1106.5804,356.1749,178.9399,800.5104,632.7441,303.1046,731.9281,496.1037,877.6572,938.6951,826.7169,438.9873,1161.4258,736.2245,924.9094,391.5279,261.9914,1048.0762,541.4227,515.5366,505.6837,942.0945,854.4909,845.8119,903.5296,299.8823,318.3597,769.4686,476.6572,565.1585,1066.8367,622.3557,167.631,599.7845,715.8945,358.3235,825.9455,585.5182,464.911,0,296.5756,213.2061,443.317,793.9709,481.5157,928.8886,288.6817,246.1983,213.2056,393.2207,696.9178,420.8978,832.9922,679.8587,699.8827,372.6158,365.6663,716.544,697.1396,552.6825,589.6885,916.8729,849.8192,493.087,757.6062,784.8691,861.7955
Province_51,575.8543,1209.5168,675.565,1329.826,964.918,651.6126,756.5239,910.7148,812.0712,1256.711,1398.5871,648.1816,125.1883,1092.5172,924.7508,595.1114,1023.9349,302.7102,1169.664,1230.7019,1118.7236,730.9941,1453.4325,1028.2313,1216.9161,683.5347,553.9982,1340.083,833.4295,807.5434,359.6228,1234.1013,708.43,1137.8187,1195.5364,591.8891,610.3665,623.4077,230.4057,419.0976,1358.8435,914.3625,459.6378,891.7913,1007.9013,650.3302,1117.9522,296.0557,756.9178,295.9732,0,505.2128,735.3237,1085.9777,773.5224,1220.8954,580.6885,538.205,505.2124,685.2275,550.8569,712.9045,1124.999,533.7978,991.8894,664.6226,219.6054,1008.5508,989.1464,406.6216,881.6952,1208.8797,1141.8259,785.0938,1049.613,638.8081,1153.8023
Province_52,99.6911,722.641,190.963,842.9502,478.0423,181.6497,234.6778,423.8391,349.4904,772.109,913.9852,182.1869,388.3617,605.6414,440.1489,89.4503,537.0591,705.5255,685.062,746.0999,631.8578,244.1282,968.8306,541.3555,730.0404,226.7181,48.3371,853.2073,346.5537,322.9414,715.1055,749.5021,1063.9127,650.9458,708.6635,107.29,125.7928,978.8904,686.079,774.5803,874.2444,427.4995,90.6926,407.1921,523.3021,165.7311,633.3531,794.94,286.3248,213.4982,505.9974,0,273.5077,599.1047,303.5624,734.0225,121.9044,79.9618,46.9692,198.3645,906.3396,228.3054,638.1261,889.2805,507.2903,135.661,575.0881,521.6779,504.5472,762.1043,419.1173,722.0068,654.953,263.2505,565.0138,994.2909,666.9294
Province_53,176.1139,708.0661,261.7396,828.3753,440.8849,130.7616,350.6672,450.4195,129.6848,842.8856,984.7618,88.6794,619.2691,591.0665,510.9255,298.5447,522.4842,936.4328,755.8386,816.8765,691.7555,304.0259,1039.6072,526.7806,715.4655,227.7632,228.2563,838.6324,331.1209,393.718,946.0129,820.2759,1294.8201,636.3681,694.0857,184.9074,206.6262,1209.7978,916.9864,1005.4877,945.0182,487.3943,321.6,477.9659,594.0759,232.146,704.1269,1025.8474,204.3773,444.4056,736.9048,275.3005,0,584.527,220.982,719.4447,158.4496,199.4156,234.4458,258.2593,1137.247,299.0792,600.966,1120.1879,578.0641,277.6595,805.9955,484.5177,575.321,993.0117,199.3089,684.8467,640.3753,377.8141,635.7876,1225.1983,652.3517
Province_54,509.5125,123.5391,476.0145,340.4917,149.4582,549.0906,530.5467,204.6807,494.2515,751.9154,829.4733,576.3054,969.6065,48.493,543.1729,598.3623,119.1262,1286.7702,658.3948,725.9063,318.5504,445.1868,1051.047,71.288,135.9718,459.6443,551.6737,259.1387,254.7279,463.1543,1296.3503,706.5864,1645.1574,229.68,287.3977,501.5346,481.2715,1560.1351,1267.3238,1355.8251,761.4816,364.6739,671.9373,462.9823,403.4011,463.7665,590.4373,1376.1847,463.8843,794.743,1087.2421,598.718,660.4468,0,377.8117,175.2322,527.4435,549.753,584.7832,403.7257,1487.5843,477.9852,146.1165,1470.5252,490.1544,507.492,1156.3328,145.3179,573.249,1343.3491,555.3861,172.1539,233.6873,557.6935,522.0981,1575.5356,67.8246
Province_55,211.6079,556.5402,213.094,676.8494,229.1008,133.374,302.0216,298.8936,159.1473,794.24,936.1162,172.501,663.1416,439.5406,462.2799,334.0387,370.9583,980.3053,707.193,768.2309,573.1863,213.0581,990.9616,375.2547,563.9396,110.4844,263.7502,687.1065,179.595,345.0724,989.8854,771.6303,1338.6926,484.8421,542.5598,220.4014,219.0061,1253.6702,960.8589,1049.3602,896.3725,396.4266,365.4725,429.3203,545.4303,200.846,655.4812,1069.7198,52.8514,488.2781,780.7772,310.7945,233.5332,433.0011,0,567.9188,202.3221,243.2881,278.3183,167.2916,1181.1194,250.4335,389.1818,1164.0603,529.4184,244.5715,849.868,272.7336,526.6754,1036.8842,220.2819,473.0625,488.8494,329.1684,587.142,1269.0707,500.8257
Province_56,643.5924,205.9222,610.0944,184.5052,339.5489,683.1706,664.6266,333.4422,684.3422,846.3922,923.9501,710.3854,1103.6864,128.0545,637.6497,732.4423,207.3211,1420.8501,752.8716,820.3831,311.9724,579.2668,1145.5238,205.3679,103.8237,593.7242,685.7537,93.0556,388.8079,625.5457,1430.4302,597.0926,1779.2374,214.3168,217.0147,635.6145,615.3515,1694.2151,1401.4037,1489.905,729.7404,459.1507,806.0173,557.4591,497.8779,597.8464,684.9142,1510.2647,597.9643,928.8229,1221.3221,732.798,794.5268,160.7969,567.9024,0,661.5235,683.8329,718.8631,537.8056,1621.6643,612.0651,344.5099,1604.6052,584.6312,641.572,1290.4128,311.5776,667.7258,1477.429,745.4768,284.1308,165.0284,691.7735,616.5749,1709.6156,178.8698
Province_57,27.0322,654.7199,125.1263,775.0291,410.1212,74.1464,214.0539,355.918,234.6049,706.2723,848.1485,70.7154,465.2299,537.7203,374.3122,146.4112,469.138,782.3936,619.2253,680.2632,563.9367,176.2071,902.9939,473.4344,662.1193,120.7691,76.1227,785.2862,278.6326,257.1047,791.9736,683.6626,1140.7808,583.0219,640.7395,38.9988,60.7176,1055.7585,762.9471,851.4484,808.4048,359.5756,167.5607,341.3526,457.4626,95.5326,567.5136,871.8081,179.4516,290.3663,582.8655,123.167,157.8575,531.1808,196.0562,666.0985,0,45.3764,80.4066,130.4406,983.2077,162.4659,570.2022,966.1486,441.4508,132.6181,651.9562,453.754,438.7077,838.9724,304.229,654.0829,587.0291,241.2007,499.1743,1071.159,599.0055
Province_58,38.8736,672.536,138.5843,792.8452,427.9372,114.6318,219.5432,373.7341,275.0904,719.7302,861.6064,111.2009,423.789,555.5364,387.7701,125.712,486.9541,740.9527,632.6833,693.7211,581.7429,194.0133,916.4518,491.2505,679.9354,146.554,55.4235,803.1023,296.4487,270.5627,750.5328,697.1205,1099.3399,600.838,658.5556,54.9084,73.3857,1014.3176,721.5063,810.0076,821.8628,377.3818,126.1199,354.8105,470.9205,113.3495,580.9715,830.3672,219.9371,248.9255,541.4246,81.3108,198.343,548.9969,236.5417,683.9146,43.7078,0,38.9657,148.2468,941.7668,175.9238,588.0183,924.7077,454.9087,127.6418,610.5153,471.57,452.1656,797.5316,344.7145,671.899,604.8452,248.113,512.6322,1029.7181,616.8216
Province_59,74.5201,708.1825,174.2307,828.4917,463.5837,150.2783,255.1896,409.3805,310.7369,755.3767,897.2529,146.8473,387.7457,591.1829,423.4166,108.633,522.6006,704.9094,668.3297,729.3676,617.3893,229.6598,952.0983,526.897,715.5818,182.2004,67.5198,838.7487,332.0952,306.2091,714.4895,732.767,1063.2967,636.4844,694.2021,90.5548,109.0322,978.2743,685.463,773.9643,857.5092,413.0282,90.0766,390.457,506.567,148.996,616.618,794.3239,255.5835,212.8822,505.3813,45.2675,233.9895,584.6434,272.1882,719.5611,79.3542,36.8707,0,183.8932,905.7235,211.5703,623.6647,888.6644,490.5552,163.2883,574.472,507.2165,487.8121,761.4883,380.3609,707.5454,640.4917,283.7595,548.2787,993.6748,652.468
Province_60,108.3106,526.8776,74.8126,647.1868,282.2788,147.8888,131.662,228.0756,335.2305,623.8804,765.7566,175.1036,568.4046,409.878,291.9203,197.1605,341.2957,885.5683,536.8334,597.8713,434.0317,46.3021,820.602,345.5921,534.2769,58.4424,150.4719,657.4438,150.7903,174.7128,895.1484,601.2707,1243.9556,455.1795,512.8972,100.3327,80.0697,1158.9333,866.1219,954.6232,726.0129,229.6706,270.7355,258.9607,375.0707,62.5646,485.1217,974.9829,118.0463,393.5411,686.0403,197.5161,259.2449,403.3385,168.1567,538.2562,126.2417,148.5511,183.5813,0,1086.3825,79.1005,442.3598,1069.3234,359.0589,106.2901,755.131,325.9116,356.3158,942.1472,404.8546,526.2405,459.1868,158.8088,416.7824,1174.3337,471.1631
Province_61,977.1253,1610.7877,1076.8359,1731.0969,1366.1889,1052.8835,1157.7948,1311.9857,1213.3421,1657.9819,1799.8581,1049.4525,522.1369,1493.7881,1326.0218,996.3823,1425.2058,327.3729,1570.9349,1631.9728,1519.9945,1132.265,1854.7035,1429.5022,1618.187,1084.8056,955.2691,1741.3539,1234.7004,1208.8143,240.1131,1635.3722,294.1115,1539.0896,1596.8073,993.16,1011.6374,203.827,410.4834,136.9514,1760.1144,1315.6334,860.9087,1293.0622,1409.1722,1051.6012,1519.2232,488.1927,1158.1887,697.2441,552.0999,906.4837,1136.5947,1487.2486,1174.7934,1622.1663,981.9594,939.4759,906.4833,1086.4984,0,1114.1755,1526.2699,121.031,1393.1604,1065.8935,358.612,1409.8217,1390.4173,190.0271,1282.9662,1610.1506,1543.0969,1186.3647,1450.8839,209.2151,1555.0732
Province_62,141.7948,603.0057,44.348,723.3149,358.4069,187.5658,58.272,249.962,374.9075,550.4904,692.3666,214.7806,594.2313,486.0061,218.5303,171.2836,417.4238,911.395,463.4434,524.4813,461.3951,33.2862,747.212,421.7202,610.405,140.7066,179.2597,733.5719,226.9184,101.3228,920.9751,527.8807,1269.7822,504.8565,589.0253,129.1205,113.5935,1184.7599,891.9485,980.4498,652.6229,247.7802,296.5621,185.5707,301.6807,70.5531,411.7317,1000.8095,200.3105,419.3677,711.8669,226.3039,298.922,479.4666,250.4209,614.3843,161.5317,174.3778,209.408,79.0558,1112.2091,0,518.4879,1095.15,285.6689,80.9941,780.9576,402.0397,282.9258,967.9739,444.5316,602.3686,535.3149,85.4188,343.3924,1200.1604,547.2912
Province_63,546.3632,141.4197,512.8652,464.9923,158.0409,505.8795,567.3974,285.8462,502.3238,897.7784,975.3364,545.0065,1006.4572,194.344,727.6557,635.2131,264.9893,1323.6209,804.2579,871.7693,464.4135,482.0376,1256.3374,217.1511,249.9695,496.495,588.5245,336.5359,314.92,610.4483,1333.201,852.4494,1682.0082,375.5431,433.2608,538.3853,518.1222,1596.9859,1304.1745,1392.6758,907.3447,510.5369,708.7881,608.8454,549.2642,500.6172,736.3004,1413.0355,438.7354,831.5937,1124.0929,635.5687,606.0387,146.0997,385.884,283.2531,564.2943,586.6037,621.6339,440.5764,1524.4351,514.8359,0,1507.376,636.0174,544.3427,1193.1836,105.1547,792.0512,1380.1998,563.4584,67.0139,379.5504,594.5443,667.9611,1612.3863,103.0798
Province_64,959.8857,1593.5482,1059.5964,1713.8574,1348.9494,1035.644,1140.5553,1294.7462,1196.1026,1640.7424,1782.6186,1032.213,504.8974,1476.5486,1308.7823,979.1428,1407.9663,310.1334,1553.6954,1614.7333,1502.755,1115.0255,1837.464,1412.2627,1600.9475,1067.5661,938.0296,1724.1144,1217.4609,1191.5748,180.8683,1618.1327,195.5165,1521.8501,1579.5678,975.9205,994.3979,110.4942,393.2439,119.7119,1742.8749,1298.3939,843.6692,1275.8227,1391.9327,1034.3617,1501.9837,470.9531,1140.9492,680.0046,534.8604,889.2442,1119.3552,1470.0091,1157.5539,1604.9268,964.7199,922.2364,889.2438,1069.2589,120.9682,1096.936,1509.0304,0,1375.9208,1048.654,325.4484,1392.5822,1373.1778,172.7876,1265.7266,1592.9111,1525.8574,1169.1252,1433.6444,125.8947,1537.8337
Province_65,421.2992,611.8465,323.8525,682.221,571.2029,467.0702,245.3205,401.7848,654.4119,348.8843,409.0394,494.285,873.7357,456.7678,79.542,431.6167,378.3022,1190.8994,261.8373,322.8752,284.1544,313.2714,559.3732,469.0739,581.1668,420.211,458.7641,704.3336,506.9036,185.6785,1200.4795,286.1525,1549.2867,387.8074,547.9314,408.625,393.0979,1464.2643,1171.453,1259.9543,341.0477,233.4852,576.0666,143.4032,124.44,350.0575,170.0035,1280.3139,479.8149,698.8722,991.3714,505.8084,578.4264,488.3074,529.9253,585.146,441.0362,453.8822,488.9124,359.0411,1391.7136,285.1707,634.1624,1374.6544,0,341.3272,1060.4621,682.0249,81.5753,1247.4783,724.036,660.4614,494.221,230.7251,88.4626,1479.6648,556.132
Province_66,100.879,634.5044,50.4372,754.8136,389.9056,182.7515,99.9201,335.7024,350.5922,608.7806,750.6567,185.8617,543.8628,517.5048,276.8204,91.9011,448.9225,861.0265,521.7336,582.7715,519.6853,92.982,805.5021,453.2189,641.9037,138.0108,93.937,765.0706,258.4171,159.613,870.6066,586.1709,1219.4137,562.8063,620.524,92.2503,80.957,1134.3914,841.58,930.0813,710.9131,312.4166,246.1936,243.8609,359.9708,60.9672,470.0218,950.441,197.6147,368.9992,661.4984,136.0722,274.6067,510.9653,247.7251,645.883,128.7844,124.0093,159.0395,110.225,1061.8406,94.3389,549.9866,1044.7815,343.959,0,730.5891,433.5384,341.2159,917.6053,420.2163,633.8673,566.8136,128.49,401.6826,1149.7919,578.7899
Province_67,644.1969,1277.8593,743.9076,1398.1686,1033.2606,719.9552,824.8665,979.0574,880.4137,1325.0536,1466.9297,716.5242,189.2086,1160.8597,993.0934,663.454,1092.2774,156.7154,1238.0066,1299.0445,1187.0662,799.3366,1521.7751,1096.5738,1285.2587,751.8773,622.3408,1408.4256,901.772,875.886,140.1219,1302.4439,515.7692,1206.1613,1263.879,660.2317,678.7091,430.7469,157.3936,226.4368,1427.1861,982.7051,527.9804,960.1339,1076.2439,718.6728,1186.2948,235.1029,825.2604,364.3158,219.1715,573.5554,803.6663,1154.3202,841.865,1289.238,649.0311,606.5476,573.555,753.5701,358.1961,781.2471,1193.3416,322.7327,1060.232,732.9652,0,1076.8934,1057.489,213.9608,950.0378,1277.2223,1210.1685,853.4364,1117.9556,446.1474,1222.1449
Province_68,428.9622,194.0748,395.4643,485.5751,52.8861,388.4786,449.9965,231.6799,384.9229,942.2149,1084.0911,427.6056,889.0563,193.5763,610.2548,517.8121,264.2216,1206.22,855.1679,916.2058,463.6458,364.6366,1138.9365,180.2204,269.963,379.0941,471.1235,356.5294,173.6721,493.0473,1215.8001,851.6818,1564.6072,374.7755,432.4932,420.9843,400.7213,1479.5849,1186.7735,1275.2748,906.577,451.0568,591.3871,499.4465,548.4966,383.2162,735.5328,1295.6345,321.3345,714.1927,1006.6919,518.1678,488.6377,145.3321,268.4831,320.3156,446.8933,469.2028,504.233,323.1754,1407.0341,397.4349,105.0588,1389.975,677.3933,426.9418,1075.7826,0,674.6503,1262.7989,446.0575,171.8825,378.7827,477.1433,667.1935,1494.9854,138.3603
Province_69,421.253,696.4385,323.8063,766.813,638.3459,467.0241,245.2743,442.7245,654.3658,269.3562,411.2324,494.2388,873.6895,541.3598,70.9221,431.5705,462.8942,1190.8532,182.3092,243.3471,368.7464,313.2252,477.9878,553.6659,665.7588,420.1649,458.7179,788.9256,506.8574,185.6324,1200.4333,342.2336,1549.2405,472.3994,632.5234,408.5788,393.0518,1464.2182,1171.4068,1259.9081,371.4887,318.0772,576.0204,188.6058,209.032,350.0113,226.0845,1280.2678,479.7688,698.826,991.3252,505.7622,578.3802,572.8994,529.8792,669.738,440.99,453.836,488.8662,358.9949,1391.6674,285.1245,718.7544,1374.6083,82.9042,341.281,1060.4159,681.9787,0,1247.4321,723.9898,745.0534,578.813,230.6789,163.0571,1479.6187,640.724
Province_70,832.8421,1466.5046,932.5528,1586.8138,1221.9058,908.6004,1013.5117,1167.7026,1069.059,1513.6988,1655.575,905.1694,377.8538,1349.505,1181.7387,852.0992,1280.9227,138.6283,1426.6518,1487.6897,1375.7114,987.9819,1710.4204,1285.2191,1473.9039,940.5225,810.986,1597.0708,1090.4173,1064.5312,130.7201,1491.0891,347.3641,1394.8065,1452.5242,848.8769,867.3543,262.3418,221.7388,58.0608,1615.8313,1171.3503,716.6256,1148.7791,1264.8891,907.3181,1374.9401,299.4481,1013.9056,552.961,407.8168,762.2006,992.3116,1342.9655,1030.5103,1477.8832,837.6763,795.1928,762.2002,942.2153,189.791,969.8924,1381.9868,172.7319,1248.8773,921.6104,214.3289,1265.5386,1246.1342,0,1138.683,1465.8675,1398.8138,1042.0816,1306.6008,277.7423,1410.7901
Province_71,319.8124,643.2232,405.4381,896.0892,405.5741,259.891,494.3657,518.1333,69.7176,986.5841,1128.4603,235.0681,765.6217,658.7804,654.624,442.2433,590.1981,1082.7854,899.5372,960.575,792.426,447.7244,1183.3057,594.4945,783.1793,340.6929,371.9548,906.3462,398.8348,537.4166,1092.3655,963.9744,1441.1727,704.0819,761.7996,328.6059,350.3248,1356.1503,1063.339,1151.8403,1088.7167,631.0928,467.9526,621.6644,737.7744,375.8445,847.8254,1172.1999,272.0912,590.7582,883.2574,418.999,199.1311,652.2409,219.2398,787.1586,304.8022,345.7682,380.7984,401.9578,1283.5996,442.7777,565.6551,1266.5404,721.7626,421.358,952.3481,449.2069,719.0195,1139.3643,0,649.5358,708.0892,521.5126,779.4861,1371.5508,587.5087
Province_72,611.1474,78.7861,577.6495,466.1614,223.3196,570.6638,632.1817,376.7563,567.1081,923.9909,1001.5488,609.7908,1071.2415,220.3198,715.2484,699.9973,291.2017,1388.4052,830.4703,897.9818,490.6259,546.8218,1223.1226,243.3635,187.3359,561.2793,653.3087,273.9023,379.7043,675.2325,1397.9853,878.6619,1746.7924,401.7556,459.4732,603.1695,582.9065,1661.7701,1368.9587,1457.46,933.5571,536.7494,773.5723,635.0578,575.4767,565.4014,762.5129,1477.8197,503.5197,896.3779,1188.8771,700.353,670.8229,172.0755,450.6683,284.4222,629.0785,651.388,686.4182,505.3606,1589.2193,579.6201,65.4486,1572.1602,662.2299,609.127,1257.9678,170.4335,745.3246,1444.9841,628.2427,0,405.7628,659.3285,694.1736,1677.1706,102.9516
Province_73,564.9972,368.0043,531.4992,187.5299,316.7656,604.5754,507.8353,241.1868,791.9171,693.3165,770.8745,631.7901,1025.0912,195.6877,484.574,653.847,120.1781,1342.2549,599.7959,667.3074,147.8719,500.6715,992.4482,214.6366,265.9057,515.129,607.1584,241.5663,310.2127,472.47,1351.835,432.9921,1700.6421,50.2163,53.2403,557.0193,536.7562,1615.6198,1322.8085,1411.3098,565.6399,306.075,727.4221,404.3834,344.8023,519.2512,531.8385,1431.6694,519.3691,850.2277,1142.7268,654.2027,715.9315,235.111,569.4794,164.7995,582.9282,605.2377,640.2679,459.2104,1543.069,533.4699,380.966,1526.0099,431.5555,562.9767,1211.8175,380.1674,514.6502,1398.8338,861.5411,407.265,0,514.8127,463.4992,1631.0203,302.9357
Province_74,220.8227,682.5144,123.3759,802.8236,437.9156,266.5937,30.0317,314.0798,453.9354,496.3487,638.2249,293.8085,667.2961,565.5148,164.3886,216.3278,496.9325,984.4598,409.3017,470.3396,407.2534,112.7949,693.0703,501.2289,689.9138,219.7345,252.3245,813.0806,306.4271,47.1811,994.0399,473.739,1342.8471,473.2954,668.534,208.1484,192.6214,1257.8247,965.0134,1053.5147,598.4812,228.5237,369.627,131.429,247.539,149.581,357.5899,1073.8743,279.3384,492.4326,784.9318,299.3688,377.9499,558.9753,329.4488,693.893,240.5596,247.4426,282.4728,158.5646,1185.274,84.6942,597.9966,1168.2148,231.5271,126.0383,854.0225,481.5484,228.7841,1041.0387,523.5595,681.8773,614.8236,0,289.2507,1273.2252,626.7999
Province_75,479.2151,643.8537,381.7684,714.2281,603.2101,524.9862,303.2364,433.7919,712.3279,236.8594,314.4174,552.2009,931.6516,488.7749,165.7929,489.5326,410.3093,1248.8153,143.3388,210.8503,250.791,371.1873,470.0002,501.0811,613.1739,478.127,516.68,736.3408,564.8195,243.5945,1258.3954,191.5304,1607.2026,419.8146,579.9385,466.5409,451.0138,1522.1803,1229.3689,1317.8702,246.4257,265.4923,633.9825,186.4094,156.4471,407.9734,75.3814,1338.2299,537.7308,756.7881,1049.2873,563.7243,636.3423,520.3146,587.8412,617.1531,498.9521,511.7981,546.8283,416.957,1449.6295,343.0866,666.1695,1432.5704,88.6035,399.2431,1118.378,665.3709,161.6689,1305.3942,781.9519,692.4685,526.2281,288.641,0,1537.5808,588.1392
Province_76,1065.8277,1699.4901,1165.5384,1819.7993,1454.8913,1141.5859,1246.4973,1400.6882,1302.0445,1746.6843,1888.5605,1138.155,610.8394,1582.4905,1414.7242,1085.0847,1513.9082,416.0753,1659.6374,1720.6752,1608.697,1220.9674,1943.4059,1518.2046,1706.8895,1173.5081,1043.9715,1830.0564,1323.4028,1297.5168,300.2591,1724.0746,96.1031,1627.7921,1685.5097,1081.8625,1100.3398,31.8585,499.1858,225.6539,1848.8169,1404.3359,949.6112,1381.7646,1497.8746,1140.3036,1607.9256,576.8951,1246.8912,785.9466,640.8023,995.1862,1225.2971,1575.951,1263.4958,1710.8687,1070.6619,1028.1784,995.1857,1175.2009,215.5911,1202.8779,1614.9724,126.7194,1481.8628,1154.5959,447.3144,1498.5241,1479.1197,278.7295,1371.6686,1698.8531,1631.7993,1275.0671,1539.5863,0,1643.7757
Province_77,577.3209,56.1502,543.823,360.5969,170.5956,616.8991,598.3551,272.4892,522.0189,819.7238,897.2818,644.1139,1037.4149,116.0527,610.9813,666.1708,186.9347,1354.5786,726.2032,793.7147,386.3589,512.9953,1118.8555,139.0964,135.3077,527.4527,619.4822,221.8741,322.5364,530.9628,1364.1587,774.3948,1712.9659,297.4885,355.2062,569.343,549.08,1627.9436,1335.1322,1423.6335,829.2901,432.4823,739.7458,530.7907,471.2096,531.5749,658.2458,1443.9932,458.4305,862.5514,1155.0506,666.5265,728.2553,67.8085,405.5791,178.8577,595.252,617.5614,652.5916,471.5341,1555.3928,545.7936,103.1122,1538.3337,557.9628,575.3005,1224.1413,138.4397,641.0575,1411.1575,583.1535,102.9632,301.4957,625.502,589.9065,1643.3441,0
